{
   "poiList":[
      {
         "id":2056777518,
         "coordinate":{
            "latitude":53.5532316,
            "longitude":10.0087783
         },
         "name":"guest_member_1",
         "status":"Booked"
      },
      {
         "id":2309161547,
         "coordinate":{
            "latitude":53.5514746,
            "longitude":10.0031117
         },
         "name":"guest_member_2",
         "status":"Booked"
      },
      {
         "id":704735858,
         "coordinate":{
            "latitude":53.55342888743947,
            "longitude":10.007842183122419
         },
         "name":"guest_member_3",
         "status":"Vacant"
      },
      {
         "id":1500190948,
         "coordinate":{
            "latitude":53.5526994,
            "longitude":9.9976604
         },
         "name":"guest_member_4",
         "status":"Vacant"
      },
      {
         "id":862970980,
         "coordinate":{
            "latitude":53.5563816,
            "longitude":10.0056066
         },
         "name":"guest_member_5",
         "status":"Booked"
      },
      {
         "id":851951555,
         "coordinate":{
            "latitude":53.54261857635024,
            "longitude":9.993432147457497
         },
         "name":"guest_member_6",
         "status":"Booked"
      },
      {
         "id":1970135340,
         "coordinate":{
            "latitude":53.58222524795621,
            "longitude":10.066394607153665
         },
         "name":"guest_member_7",
         "status":"Booked"
      },
      {
         "id":22788211,
         "coordinate":{
            "latitude":53.568316,
            "longitude":10.0243459
         },
         "name":"guest_member_8",
         "status":"Vacant"
      },
      {
         "id":504495608,
         "coordinate":{
            "latitude":53.55291415423418,
            "longitude":10.019970660734215
         },
         "name":"guest_member_9",
         "status":"Booked"
      },
      {
         "id":231032920,
         "coordinate":{
            "latitude":53.54321269117176,
            "longitude":9.998483342769234
         },
         "name":"guest_member_10",
         "status":"Vacant"
      },
      {
         "id":1354521326,
         "coordinate":{
            "latitude":53.5518609,
            "longitude":9.9350198
         },
         "name":"guest_member_11",
         "status":"Vacant"
      },
      {
         "id":1742977379,
         "coordinate":{
            "latitude":53.5715353,
            "longitude":9.9663805
         },
         "name":"guest_member_12",
         "status":"Vacant"
      },
      {
         "id":444511835,
         "coordinate":{
            "latitude":53.5809492,
            "longitude":9.988807
         },
         "name":"guest_member_13",
         "status":"Vacant"
      },
      {
         "id":642957139,
         "coordinate":{
            "latitude":53.565011356366696,
            "longitude":9.994596751778024
         },
         "name":"guest_member_14",
         "status":"Booked"
      },
      {
         "id":2043627483,
         "coordinate":{
            "latitude":53.56297656894067,
            "longitude":10.018685709801503
         },
         "name":"guest_member_15",
         "status":"Booked"
      },
      {
         "id":1586771112,
         "coordinate":{
            "latitude":53.5501975380383,
            "longitude":9.993415838116773
         },
         "name":"guest_member_16",
         "status":"Booked"
      },
      {
         "id":129768133,
         "coordinate":{
            "latitude":53.5535587,
            "longitude":10.0906007
         },
         "name":"guest_member_17",
         "status":"Booked"
      },
      {
         "id":2067157078,
         "coordinate":{
            "latitude":53.55428890902789,
            "longitude":10.013872738549981
         },
         "name":"guest_member_18",
         "status":"Booked"
      },
      {
         "id":2194101453,
         "coordinate":{
            "latitude":53.5573574,
            "longitude":10.0027863
         },
         "name":"guest_member_19",
         "status":"Booked"
      },
      {
         "id":1560017277,
         "coordinate":{
            "latitude":53.595217847041205,
            "longitude":10.043809439807136
         },
         "name":"guest_member_20",
         "status":"Booked"
      },
      {
         "id":2178675883,
         "coordinate":{
            "latitude":53.5327912,
            "longitude":10.0218834
         },
         "name":"guest_member_21",
         "status":"Booked"
      },
      {
         "id":680506525,
         "coordinate":{
            "latitude":53.5538466,
            "longitude":10.0047123
         },
         "name":"guest_member_22",
         "status":"Vacant"
      },
      {
         "id":573371588,
         "coordinate":{
            "latitude":53.55184328281651,
            "longitude":9.93495876901777
         },
         "name":"guest_member_23",
         "status":"Booked"
      },
      {
         "id":2373468949,
         "coordinate":{
            "latitude":53.55471016546183,
            "longitude":9.9484746330359
         },
         "name":"guest_member_24",
         "status":"Vacant"
      },
      {
         "id":727392232,
         "coordinate":{
            "latitude":53.5664085,
            "longitude":9.9896768
         },
         "name":"guest_member_25",
         "status":"Vacant"
      },
      {
         "id":2065596476,
         "coordinate":{
            "latitude":53.58926274150742,
            "longitude":9.976661874525234
         },
         "name":"guest_member_26",
         "status":"Booked"
      },
      {
         "id":1041425329,
         "coordinate":{
            "latitude":53.56999156961168,
            "longitude":9.859752041761261
         },
         "name":"guest_member_27",
         "status":"Booked"
      },
      {
         "id":282452650,
         "coordinate":{
            "latitude":53.5537081,
            "longitude":10.0048607
         },
         "name":"guest_member_28",
         "status":"Vacant"
      },
      {
         "id":1889215194,
         "coordinate":{
            "latitude":53.561428,
            "longitude":9.930687
         },
         "name":"guest_member_29",
         "status":"Booked"
      },
      {
         "id":1019803300,
         "coordinate":{
            "latitude":53.5772199,
            "longitude":9.9709792
         },
         "name":"guest_member_30",
         "status":"Vacant"
      },
      {
         "id":2316197538,
         "coordinate":{
            "latitude":53.560432546895726,
            "longitude":9.98929414232407
         },
         "name":"guest_member_31",
         "status":"Vacant"
      },
      {
         "id":1631918091,
         "coordinate":{
            "latitude":53.5608329,
            "longitude":9.9901945
         },
         "name":"guest_member_32",
         "status":"Booked"
      },
      {
         "id":1422415916,
         "coordinate":{
            "latitude":53.5638802,
            "longitude":9.9902959
         },
         "name":"guest_member_33",
         "status":"Vacant"
      },
      {
         "id":1371231534,
         "coordinate":{
            "latitude":53.55085920547466,
            "longitude":9.996736831972372
         },
         "name":"guest_member_34",
         "status":"Vacant"
      },
      {
         "id":1347291315,
         "coordinate":{
            "latitude":53.54752350137899,
            "longitude":10.03670325503688
         },
         "name":"guest_member_35",
         "status":"Booked"
      },
      {
         "id":2089411592,
         "coordinate":{
            "latitude":53.5724743,
            "longitude":10.0685937
         },
         "name":"guest_member_36",
         "status":"Vacant"
      },
      {
         "id":764032619,
         "coordinate":{
            "latitude":53.564109,
            "longitude":9.9664291
         },
         "name":"guest_member_37",
         "status":"Booked"
      },
      {
         "id":1427491009,
         "coordinate":{
            "latitude":53.59121116321327,
            "longitude":9.981196841120685
         },
         "name":"guest_member_38",
         "status":"Booked"
      },
      {
         "id":1110237661,
         "coordinate":{
            "latitude":53.55841394053172,
            "longitude":10.007518725479029
         },
         "name":"guest_member_39",
         "status":"Vacant"
      },
      {
         "id":2142397154,
         "coordinate":{
            "latitude":53.5457517,
            "longitude":9.9337383
         },
         "name":"guest_member_40",
         "status":"Vacant"
      },
      {
         "id":593932377,
         "coordinate":{
            "latitude":53.5637883,
            "longitude":9.98921
         },
         "name":"guest_member_41",
         "status":"Vacant"
      },
      {
         "id":569846286,
         "coordinate":{
            "latitude":53.5529716,
            "longitude":10.0082116
         },
         "name":"guest_member_42",
         "status":"Booked"
      },
      {
         "id":135273550,
         "coordinate":{
            "latitude":53.562666420439,
            "longitude":9.92121230824155
         },
         "name":"guest_member_43",
         "status":"Vacant"
      },
      {
         "id":1597073150,
         "coordinate":{
            "latitude":53.550522,
            "longitude":9.9965282
         },
         "name":"guest_member_44",
         "status":"Vacant"
      },
      {
         "id":994599716,
         "coordinate":{
            "latitude":53.5879164,
            "longitude":10.0037117
         },
         "name":"guest_member_45",
         "status":"Vacant"
      },
      {
         "id":787755726,
         "coordinate":{
            "latitude":53.5500967,
            "longitude":9.993567
         },
         "name":"guest_member_46",
         "status":"Vacant"
      },
      {
         "id":1210250227,
         "coordinate":{
            "latitude":53.588264,
            "longitude":9.968132
         },
         "name":"guest_member_47",
         "status":"Booked"
      },
      {
         "id":309124356,
         "coordinate":{
            "latitude":53.5426005,
            "longitude":9.993254
         },
         "name":"guest_member_48",
         "status":"Booked"
      },
      {
         "id":454680766,
         "coordinate":{
            "latitude":53.5527487,
            "longitude":10.0080893
         },
         "name":"guest_member_49",
         "status":"Vacant"
      },
      {
         "id":273226399,
         "coordinate":{
            "latitude":53.5496851,
            "longitude":9.9993823
         },
         "name":"guest_member_50",
         "status":"Vacant"
      },
      {
         "id":150315659,
         "coordinate":{
            "latitude":53.5985315,
            "longitude":9.9267756
         },
         "name":"guest_member_51",
         "status":"Vacant"
      },
      {
         "id":1087662415,
         "coordinate":{
            "latitude":53.5510646,
            "longitude":10.0003137
         },
         "name":"guest_member_52",
         "status":"Vacant"
      },
      {
         "id":737141805,
         "coordinate":{
            "latitude":53.5450286,
            "longitude":9.9973307
         },
         "name":"guest_member_53",
         "status":"Booked"
      },
      {
         "id":621032090,
         "coordinate":{
            "latitude":53.5564603,
            "longitude":10.0050427
         },
         "name":"guest_member_54",
         "status":"Booked"
      },
      {
         "id":367895549,
         "coordinate":{
            "latitude":53.5522264,
            "longitude":10.0118039
         },
         "name":"guest_member_55",
         "status":"Booked"
      },
      {
         "id":1742273681,
         "coordinate":{
            "latitude":53.57539368749563,
            "longitude":9.954955893595065
         },
         "name":"guest_member_56",
         "status":"Vacant"
      },
      {
         "id":1218232814,
         "coordinate":{
            "latitude":53.5399783,
            "longitude":9.9943583
         },
         "name":"guest_member_57",
         "status":"Booked"
      },
      {
         "id":264909486,
         "coordinate":{
            "latitude":53.5463557,
            "longitude":10.0074498
         },
         "name":"guest_member_58",
         "status":"Vacant"
      },
      {
         "id":1579898322,
         "coordinate":{
            "latitude":53.57929204595608,
            "longitude":10.053162546837752
         },
         "name":"guest_member_59",
         "status":"Booked"
      },
      {
         "id":968264655,
         "coordinate":{
            "latitude":53.58118430591735,
            "longitude":9.965277386994096
         },
         "name":"guest_member_60",
         "status":"Booked"
      },
      {
         "id":1265219832,
         "coordinate":{
            "latitude":53.5537536636652,
            "longitude":10.004868055213242
         },
         "name":"guest_member_61",
         "status":"Vacant"
      },
      {
         "id":449048278,
         "coordinate":{
            "latitude":53.5543901283538,
            "longitude":10.007410604157485
         },
         "name":"guest_member_62",
         "status":"Vacant"
      },
      {
         "id":1721044949,
         "coordinate":{
            "latitude":53.5539722,
            "longitude":10.0075306
         },
         "name":"guest_member_63",
         "status":"Booked"
      },
      {
         "id":1956934308,
         "coordinate":{
            "latitude":53.54353031241851,
            "longitude":9.994896755379159
         },
         "name":"guest_member_64",
         "status":"Booked"
      },
      {
         "id":2172426457,
         "coordinate":{
            "latitude":53.550610137221916,
            "longitude":9.996889131152999
         },
         "name":"guest_member_65",
         "status":"Vacant"
      },
      {
         "id":786018416,
         "coordinate":{
            "latitude":53.5942075,
            "longitude":9.9427608
         },
         "name":"guest_member_66",
         "status":"Vacant"
      },
      {
         "id":173296398,
         "coordinate":{
            "latitude":53.5539147,
            "longitude":10.0076486
         },
         "name":"guest_member_67",
         "status":"Vacant"
      },
      {
         "id":1616439329,
         "coordinate":{
            "latitude":53.560675,
            "longitude":9.989415
         },
         "name":"guest_member_68",
         "status":"Booked"
      },
      {
         "id":1138424272,
         "coordinate":{
            "latitude":53.5667152,
            "longitude":9.9183388
         },
         "name":"guest_member_69",
         "status":"Booked"
      },
      {
         "id":314830598,
         "coordinate":{
            "latitude":53.5869936,
            "longitude":10.0428685
         },
         "name":"guest_member_70",
         "status":"Booked"
      },
      {
         "id":861885331,
         "coordinate":{
            "latitude":53.5869561,
            "longitude":10.0432439
         },
         "name":"guest_member_71",
         "status":"Vacant"
      },
      {
         "id":495943087,
         "coordinate":{
            "latitude":53.55336111975233,
            "longitude":9.99226793647743
         },
         "name":"guest_member_72",
         "status":"Booked"
      },
      {
         "id":377701093,
         "coordinate":{
            "latitude":53.5773201,
            "longitude":9.9471228
         },
         "name":"guest_member_73",
         "status":"Vacant"
      },
      {
         "id":1787120825,
         "coordinate":{
            "latitude":53.5982016,
            "longitude":9.8880004
         },
         "name":"guest_member_74",
         "status":"Booked"
      },
      {
         "id":150457284,
         "coordinate":{
            "latitude":53.5528449,
            "longitude":10.0085526
         },
         "name":"guest_member_75",
         "status":"Booked"
      },
      {
         "id":95565419,
         "coordinate":{
            "latitude":53.5510382,
            "longitude":9.9657367
         },
         "name":"guest_member_76",
         "status":"Vacant"
      },
      {
         "id":285742590,
         "coordinate":{
            "latitude":53.5408894,
            "longitude":9.9936766
         },
         "name":"guest_member_77",
         "status":"Booked"
      },
      {
         "id":2073333009,
         "coordinate":{
            "latitude":53.5769033,
            "longitude":9.9361181
         },
         "name":"guest_member_78",
         "status":"Booked"
      },
      {
         "id":2035427636,
         "coordinate":{
            "latitude":53.5469807,
            "longitude":9.9637838
         },
         "name":"guest_member_79",
         "status":"Vacant"
      },
      {
         "id":1768888970,
         "coordinate":{
            "latitude":53.556499,
            "longitude":10.0053483
         },
         "name":"guest_member_80",
         "status":"Booked"
      },
      {
         "id":1318944943,
         "coordinate":{
            "latitude":53.5641799,
            "longitude":9.9670288
         },
         "name":"guest_member_81",
         "status":"Vacant"
      },
      {
         "id":935271521,
         "coordinate":{
            "latitude":53.56778351098336,
            "longitude":9.980589227599229
         },
         "name":"guest_member_82",
         "status":"Vacant"
      },
      {
         "id":1334025925,
         "coordinate":{
            "latitude":53.58386313724901,
            "longitude":9.977528258173924
         },
         "name":"guest_member_83",
         "status":"Vacant"
      },
      {
         "id":2163350320,
         "coordinate":{
            "latitude":53.5490715,
            "longitude":9.9859467
         },
         "name":"guest_member_84",
         "status":"Booked"
      },
      {
         "id":670314855,
         "coordinate":{
            "latitude":53.5617098,
            "longitude":9.9899718
         },
         "name":"guest_member_85",
         "status":"Booked"
      },
      {
         "id":954707742,
         "coordinate":{
            "latitude":53.51661927475296,
            "longitude":9.990358956794369
         },
         "name":"guest_member_86",
         "status":"Booked"
      },
      {
         "id":69459776,
         "coordinate":{
            "latitude":53.5502881,
            "longitude":9.9378717
         },
         "name":"guest_member_87",
         "status":"Vacant"
      },
      {
         "id":1467945233,
         "coordinate":{
            "latitude":53.5896081,
            "longitude":9.9759758
         },
         "name":"guest_member_88",
         "status":"Vacant"
      },
      {
         "id":1206857228,
         "coordinate":{
            "latitude":53.5522577,
            "longitude":10.0112188
         },
         "name":"guest_member_89",
         "status":"Booked"
      },
      {
         "id":69587296,
         "coordinate":{
            "latitude":53.566440719690384,
            "longitude":10.039708309570933
         },
         "name":"guest_member_90",
         "status":"Booked"
      },
      {
         "id":657080500,
         "coordinate":{
            "latitude":53.5502497,
            "longitude":9.9696145
         },
         "name":"guest_member_91",
         "status":"Booked"
      },
      {
         "id":1060677640,
         "coordinate":{
            "latitude":53.5550327,
            "longitude":9.8986322
         },
         "name":"guest_member_92",
         "status":"Booked"
      },
      {
         "id":221672614,
         "coordinate":{
            "latitude":53.5709734,
            "longitude":10.062288
         },
         "name":"guest_member_93",
         "status":"Booked"
      },
      {
         "id":1544881187,
         "coordinate":{
            "latitude":53.544473218868596,
            "longitude":9.928767845294729
         },
         "name":"guest_member_94",
         "status":"Booked"
      },
      {
         "id":1347945906,
         "coordinate":{
            "latitude":53.5471784,
            "longitude":9.9684771
         },
         "name":"guest_member_95",
         "status":"Booked"
      },
      {
         "id":971218838,
         "coordinate":{
            "latitude":53.541079871406346,
            "longitude":9.993461687127121
         },
         "name":"guest_member_96",
         "status":"Booked"
      },
      {
         "id":818104555,
         "coordinate":{
            "latitude":53.580289240976406,
            "longitude":10.014964034790188
         },
         "name":"guest_member_97",
         "status":"Booked"
      },
      {
         "id":864841316,
         "coordinate":{
            "latitude":53.55097521101455,
            "longitude":10.000412715608254
         },
         "name":"guest_member_98",
         "status":"Vacant"
      },
      {
         "id":10561925,
         "coordinate":{
            "latitude":53.54975748812179,
            "longitude":9.967486504474625
         },
         "name":"guest_member_99",
         "status":"Booked"
      },
      {
         "id":1734715151,
         "coordinate":{
            "latitude":53.55228694302229,
            "longitude":10.011916473009911
         },
         "name":"guest_member_100",
         "status":"Booked"
      },
      {
         "id":1924462858,
         "coordinate":{
            "latitude":53.5543905,
            "longitude":10.0251092
         },
         "name":"guest_member_101",
         "status":"Vacant"
      },
      {
         "id":715760699,
         "coordinate":{
            "latitude":53.5353549,
            "longitude":10.0305451
         },
         "name":"guest_member_102",
         "status":"Booked"
      },
      {
         "id":1412616054,
         "coordinate":{
            "latitude":53.57244618729728,
            "longitude":10.068403998888309
         },
         "name":"guest_member_103",
         "status":"Booked"
      },
      {
         "id":436407602,
         "coordinate":{
            "latitude":53.5506221,
            "longitude":10.0027262
         },
         "name":"guest_member_104",
         "status":"Booked"
      },
      {
         "id":983902458,
         "coordinate":{
            "latitude":53.5796311,
            "longitude":9.9460332
         },
         "name":"guest_member_105",
         "status":"Booked"
      },
      {
         "id":716367254,
         "coordinate":{
            "latitude":53.5756784,
            "longitude":9.9533905
         },
         "name":"guest_member_106",
         "status":"Booked"
      },
      {
         "id":1806398666,
         "coordinate":{
            "latitude":53.55349590075533,
            "longitude":9.992053108299142
         },
         "name":"guest_member_107",
         "status":"Booked"
      },
      {
         "id":1936952770,
         "coordinate":{
            "latitude":53.5557478,
            "longitude":9.9340864
         },
         "name":"guest_member_108",
         "status":"Booked"
      },
      {
         "id":2310225850,
         "coordinate":{
            "latitude":53.5765908,
            "longitude":9.8215045
         },
         "name":"guest_member_109",
         "status":"Booked"
      },
      {
         "id":756986054,
         "coordinate":{
            "latitude":53.5522487,
            "longitude":10.0088876
         },
         "name":"guest_member_110",
         "status":"Booked"
      },
      {
         "id":1388982806,
         "coordinate":{
            "latitude":53.5336814,
            "longitude":10.0658437
         },
         "name":"guest_member_111",
         "status":"Booked"
      },
      {
         "id":2389758444,
         "coordinate":{
            "latitude":53.55052448064888,
            "longitude":9.995915138912014
         },
         "name":"guest_member_112",
         "status":"Vacant"
      },
      {
         "id":223706980,
         "coordinate":{
            "latitude":53.55804151249566,
            "longitude":10.039296764056438
         },
         "name":"guest_member_113",
         "status":"Vacant"
      },
      {
         "id":328423510,
         "coordinate":{
            "latitude":53.5500551,
            "longitude":9.9932067
         },
         "name":"guest_member_114",
         "status":"Booked"
      },
      {
         "id":2298361973,
         "coordinate":{
            "latitude":53.5353424,
            "longitude":10.0305735
         },
         "name":"guest_member_115",
         "status":"Booked"
      },
      {
         "id":176410861,
         "coordinate":{
            "latitude":53.55438,
            "longitude":9.9848105
         },
         "name":"guest_member_116",
         "status":"Booked"
      },
      {
         "id":217716059,
         "coordinate":{
            "latitude":53.5534403,
            "longitude":9.9919035
         },
         "name":"guest_member_117",
         "status":"Vacant"
      },
      {
         "id":1009929012,
         "coordinate":{
            "latitude":53.5898088,
            "longitude":9.975948
         },
         "name":"guest_member_118",
         "status":"Vacant"
      },
      {
         "id":1863085337,
         "coordinate":{
            "latitude":53.5641874,
            "longitude":9.9673081
         },
         "name":"guest_member_119",
         "status":"Booked"
      },
      {
         "id":1099514303,
         "coordinate":{
            "latitude":53.5443974,
            "longitude":9.9818276
         },
         "name":"guest_member_120",
         "status":"Booked"
      },
      {
         "id":2316670588,
         "coordinate":{
            "latitude":53.560069421003966,
            "longitude":9.886929592476744
         },
         "name":"guest_member_121",
         "status":"Vacant"
      },
      {
         "id":2099071028,
         "coordinate":{
            "latitude":53.5468607,
            "longitude":9.9361461
         },
         "name":"guest_member_122",
         "status":"Vacant"
      },
      {
         "id":13808310,
         "coordinate":{
            "latitude":53.54792264760802,
            "longitude":10.008536875257276
         },
         "name":"guest_member_123",
         "status":"Vacant"
      },
      {
         "id":1128954471,
         "coordinate":{
            "latitude":53.5487022,
            "longitude":9.9543601
         },
         "name":"guest_member_124",
         "status":"Booked"
      },
      {
         "id":1580229469,
         "coordinate":{
            "latitude":53.5518718,
            "longitude":9.934834
         },
         "name":"guest_member_125",
         "status":"Booked"
      },
      {
         "id":272204028,
         "coordinate":{
            "latitude":53.5494691,
            "longitude":10.0050546
         },
         "name":"guest_member_126",
         "status":"Vacant"
      },
      {
         "id":1275821807,
         "coordinate":{
            "latitude":53.5933768,
            "longitude":9.9450653
         },
         "name":"guest_member_127",
         "status":"Vacant"
      },
      {
         "id":2099012415,
         "coordinate":{
            "latitude":53.54108775039533,
            "longitude":9.993654973814257
         },
         "name":"guest_member_128",
         "status":"Vacant"
      },
      {
         "id":1504600107,
         "coordinate":{
            "latitude":53.54114336432287,
            "longitude":9.993613734850653
         },
         "name":"guest_member_129",
         "status":"Booked"
      },
      {
         "id":2160462614,
         "coordinate":{
            "latitude":53.5457283,
            "longitude":9.9684883
         },
         "name":"guest_member_130",
         "status":"Vacant"
      },
      {
         "id":1699616987,
         "coordinate":{
            "latitude":53.59263005695181,
            "longitude":9.933812888891199
         },
         "name":"guest_member_131",
         "status":"Vacant"
      },
      {
         "id":19642520,
         "coordinate":{
            "latitude":53.5856579,
            "longitude":9.9822071
         },
         "name":"guest_member_132",
         "status":"Booked"
      },
      {
         "id":2242253393,
         "coordinate":{
            "latitude":53.54495021519581,
            "longitude":10.040699997926168
         },
         "name":"guest_member_133",
         "status":"Vacant"
      },
      {
         "id":484050298,
         "coordinate":{
            "latitude":53.58128198799923,
            "longitude":9.983780211628801
         },
         "name":"guest_member_134",
         "status":"Booked"
      },
      {
         "id":1088658586,
         "coordinate":{
            "latitude":53.55362,
            "longitude":9.9917833
         },
         "name":"guest_member_135",
         "status":"Vacant"
      },
      {
         "id":1947115361,
         "coordinate":{
            "latitude":53.58926147554105,
            "longitude":9.97665895436512
         },
         "name":"guest_member_136",
         "status":"Booked"
      },
      {
         "id":1154658813,
         "coordinate":{
            "latitude":53.5540135,
            "longitude":10.00744
         },
         "name":"guest_member_137",
         "status":"Booked"
      },
      {
         "id":38832266,
         "coordinate":{
            "latitude":53.5772679,
            "longitude":9.9374121
         },
         "name":"guest_member_138",
         "status":"Vacant"
      },
      {
         "id":1132558186,
         "coordinate":{
            "latitude":53.5538216,
            "longitude":10.0075583
         },
         "name":"guest_member_139",
         "status":"Vacant"
      },
      {
         "id":1285126750,
         "coordinate":{
            "latitude":53.5586707,
            "longitude":10.0080512
         },
         "name":"guest_member_140",
         "status":"Vacant"
      },
      {
         "id":1510454006,
         "coordinate":{
            "latitude":53.5524721,
            "longitude":9.9874075
         },
         "name":"guest_member_141",
         "status":"Booked"
      },
      {
         "id":1598262446,
         "coordinate":{
            "latitude":53.5628756,
            "longitude":9.932047
         },
         "name":"guest_member_142",
         "status":"Vacant"
      },
      {
         "id":456126122,
         "coordinate":{
            "latitude":53.58956029643639,
            "longitude":9.976232685158006
         },
         "name":"guest_member_143",
         "status":"Vacant"
      },
      {
         "id":2186264539,
         "coordinate":{
            "latitude":53.554159259374636,
            "longitude":10.007486456846298
         },
         "name":"guest_member_144",
         "status":"Booked"
      },
      {
         "id":2251169186,
         "coordinate":{
            "latitude":53.5144537,
            "longitude":10.0313809
         },
         "name":"guest_member_145",
         "status":"Vacant"
      },
      {
         "id":2375919416,
         "coordinate":{
            "latitude":53.5998411,
            "longitude":9.9463147
         },
         "name":"guest_member_146",
         "status":"Booked"
      },
      {
         "id":882420249,
         "coordinate":{
            "latitude":53.5963042,
            "longitude":9.9821094
         },
         "name":"guest_member_147",
         "status":"Booked"
      },
      {
         "id":189982956,
         "coordinate":{
            "latitude":53.5529465,
            "longitude":10.0238185
         },
         "name":"guest_member_148",
         "status":"Vacant"
      },
      {
         "id":1218504869,
         "coordinate":{
            "latitude":53.5469489,
            "longitude":9.9634336
         },
         "name":"guest_member_149",
         "status":"Vacant"
      },
      {
         "id":2414336870,
         "coordinate":{
            "latitude":53.5583899,
            "longitude":10.007235
         },
         "name":"guest_member_150",
         "status":"Booked"
      }
   ]
}