{
   "placemarks":[
      {
         "address":"Lesserstraße 170, 22049 Hamburg",
         "coordinates":[
            10.07526,
            53.59301,
            0
         ],
         "id":1833240479,
         "hostName":"Anderson",
         "property":"property_T",
         "status":"Active"
      },
      {
         "address":"Grosse Reichenstraße 7, 20457 Hamburg",
         "coordinates":[
            9.99622,
            53.54847,
            0
         ],
         "id":126346073,
         "hostName":"Ashwoon",
         "property":"property_F",
         "status":"Active"
      },
      {
         "address":"Spreenende 1 - 11, 22453 Hamburg (Umkreis 100m)",
         "coordinates":[
            9.97417,
            53.61274,
            0
         ],
         "id":1068403392,
         "hostName":"Aikin",
         "property":"property_C",
         "status":"Active"
      },
      {
         "address":"Ring 2, 22043 Hamburg",
         "coordinates":[
            10.07838,
            53.56388,
            0
         ],
         "id":592175998,
         "hostName":"Bateman",
         "property":"property_U",
         "status":"Active"
      },
      {
         "address":"Kroogblöcke 32, 22119 Hamburg",
         "coordinates":[
            10.09416,
            53.55258,
            0
         ],
         "id":1698152658,
         "hostName":"Bongard",
         "property":"property_y",
         "status":"Active"
      },
      {
         "address":"Am Alten Posthaus 6, 22041 Hamburg",
         "coordinates":[
            10.07107,
            53.5708,
            0
         ],
         "id":1911874679,
         "hostName":"Bowers",
         "property":"property_r",
         "status":"Active"
      },
      {
         "address":"Flughafen HH (Mietwagenzentrum Ebene 1 oder 5)",
         "coordinates":[
            10.00708,
            53.62914,
            0
         ],
         "id":2002591797,
         "hostName":"Boyd",
         "property":"property_u",
         "status":"Active"
      },
      {
         "address":"Schnackenburgallee 51, 22525 Hamburg",
         "coordinates":[
            9.91765,
            53.58102,
            0
         ],
         "id":485648028,
         "hostName":"Cannon",
         "property":"property_M",
         "status":"Inactive"
      },
      {
         "address":"Winsbergring 25, 22525 Hamburg",
         "coordinates":[
            9.91283,
            53.5751,
            0
         ],
         "id":1960661796,
         "hostName":"Cast",
         "property":"property_j",
         "status":"Inactive"
      },
      {
         "address":"Stoltenstraße 13, 22119 Hamburg",
         "coordinates":[
            10.09509,
            53.56285,
            0
         ],
         "id":1725622263,
         "hostName":"Deitz",
         "property":"property_w",
         "status":"Active"
      },
      {
         "address":"Bergedorfer Schlossstraße 9, 21029 Hamburg",
         "coordinates":[
            10.21285,
            53.48873,
            0
         ],
         "id":317361796,
         "hostName":"Dewalt",
         "property":"property_r",
         "status":"Active"
      },
      {
         "address":"Alsterdorfer Straße 511, 22337 Hamburg",
         "coordinates":[
            10.0272,
            53.61754,
            0
         ],
         "id":2120072135,
         "hostName":"Ebner",
         "property":"property_c",
         "status":"Inactive"
      },
      {
         "address":"Winterhuder Weg 94, 22085 Hamburg",
         "coordinates":[
            10.02115,
            53.57541,
            0
         ],
         "id":1562258206,
         "hostName":"Frick",
         "property":"property_s",
         "status":"Inactive"
      },
      {
         "address":"Speckenreye 44, 22119 Hamburg",
         "coordinates":[
            10.09865,
            53.55291,
            0
         ],
         "id":946333946,
         "hostName":"Hancock",
         "property":"property_P",
         "status":"Inactive"
      },
      {
         "address":"Schiffbeker Höhe 32, 22119 Hamburg",
         "coordinates":[
            10.11379,
            53.54571,
            0
         ],
         "id":2232442365,
         "hostName":"Haworth",
         "property":"property_G",
         "status":"Inactive"
      },
      {
         "address":"Bei der Martinskirche 2, 22111 Hamburg",
         "coordinates":[
            10.08304,
            53.55027,
            0
         ],
         "id":1258053856,
         "hostName":"Hesch",
         "property":"property_2",
         "status":"Inactive"
      },
      {
         "address":"Stavenhagenstraße 29 - 33, 22453 Hamburg (Umkreis 100m)",
         "coordinates":[
            9.96875,
            53.61041,
            0
         ],
         "id":938289091,
         "hostName":"Hoffman",
         "property":"property_Z",
         "status":"Active"
      },
      {
         "address":"Parkplatz Studio Hamburg",
         "coordinates":[
            10.12585,
            53.58416,
            0
         ],
         "id":1234464407,
         "hostName":"Kassing",
         "property":"property_V",
         "status":"Inactive"
      },
      {
         "address":"Teutonenweg 131, 22453 Hamburg",
         "coordinates":[
            9.97241,
            53.6361,
            0
         ],
         "id":232509944,
         "hostName":"Knutson",
         "property":"property_3",
         "status":"Inactive"
      },
      {
         "address":"Stadtbahnstraße 17, 22393 Hamburg",
         "coordinates":[
            10.10799,
            53.65365,
            0
         ],
         "id":1892266577,
         "hostName":"Lawless",
         "property":"property_g",
         "status":"Active"
      },
      {
         "address":"Feuerbergstraße 43, 22337 Hamburg (Umkreis 100m)",
         "coordinates":[
            10.02998,
            53.61327,
            0
         ],
         "id":1663248623,
         "hostName":"Lawicki",
         "property":"property_Z",
         "status":"Active"
      },
      {
         "address":"Semperstraße 19, 22303 Hamburg",
         "coordinates":[
            10.0145,
            53.58543,
            0
         ],
         "id":1194476550,
         "hostName":"Mccord",
         "property":"property_N",
         "status":"Inactive"
      },
      {
         "address":"Öjendorfer Weg 81, 22119 Hamburg",
         "coordinates":[
            10.11645,
            53.54684,
            0
         ],
         "id":2136087443,
         "hostName":"McCormack",
         "property":"property_y",
         "status":"Inactive"
      },
      {
         "address":"Flughafen HH (Mietwagenzentrum Ebene 1 oder 5)",
         "coordinates":[
            10.00708,
            53.62914,
            0
         ],
         "id":1459612271,
         "hostName":"Miller",
         "property":"property_Y",
         "status":"Active"
      },
      {
         "address":"In der Niederung 8 - 10, 22047 Hamburg (Umkreis 300m)",
         "coordinates":[
            10.08386,
            53.5959,
            0
         ],
         "id":1376925923,
         "hostName":"Myers",
         "property":"property_J",
         "status":"Active"
      },
      {
         "address":"Kurze Mühren 8, 20095 Hamburg",
         "coordinates":[
            10.00329,
            53.5529,
            0
         ],
         "id":2040773049,
         "hostName":"Nugent",
         "property":"property_O",
         "status":"Active"
      },
      {
         "address":"Dag-Hammarskjöld-Platz 2, 20354 Hamburg (Umkreis 100m)",
         "coordinates":[
            9.98881,
            53.56082,
            0
         ],
         "id":1838325190,
         "hostName":"Ortiz",
         "property":"property_1",
         "status":"Inactive"
      },
      {
         "address":"Kapstadtring 2, 22297 Hamburg",
         "coordinates":[
            10.02811,
            53.60227,
            0
         ],
         "id":228887608,
         "hostName":"Orwig",
         "property":"property_g",
         "status":"Inactive"
      },
      {
         "address":"Nedderndorfer Weg 23, 22111 Hamburg",
         "coordinates":[
            10.08371,
            53.54916,
            0
         ],
         "id":51718715,
         "hostName":"Ory",
         "property":"property_T",
         "status":"Active"
      },
      {
         "address":"Curtiusweg 7, 20535 Hamburg",
         "coordinates":[
            10.06444,
            53.55848,
            0
         ],
         "id":1667228636,
         "hostName":"Paiser",
         "property":"property_d",
         "status":"Inactive"
      },
      {
         "address":"Höperfeld 17, 21033 Hamburg",
         "coordinates":[
            10.20263,
            53.49517,
            0
         ],
         "id":2330995170,
         "hostName":"Pak",
         "property":"property_p",
         "status":"Active"
      },
      {
         "address":"Steinstraße 7, 20095 Hamburg",
         "coordinates":[
            10.00395,
            53.55019,
            0
         ],
         "id":2334464486,
         "hostName":"Pettigrew",
         "property":"property_j",
         "status":"Inactive"
      },
      {
         "address":"Wrangelstraße 106, 20253 Hamburg",
         "coordinates":[
            9.96579,
            53.58333,
            0
         ],
         "id":762552583,
         "hostName":"Quinn",
         "property":"property_Q",
         "status":"Active"
      },
      {
         "address":"Hachmannplatz 2, 20099 Hamburg (Umkreis 100m)",
         "coordinates":[
            10.00684,
            53.55435,
            0
         ],
         "id":70669069,
         "hostName":"Quizoz",
         "property":"property_t",
         "status":"Active"
      },
      {
         "address":"Rahlau 38, 22045 Hamburg",
         "coordinates":[
            10.11626,
            53.58015,
            0
         ],
         "id":1149890608,
         "hostName":"Ramachandran",
         "property":"property_5",
         "status":"Inactive"
      },
      {
         "address":"Oktaviostraße 110, 22043 Hamburg",
         "coordinates":[
            10.10214,
            53.56732,
            0
         ],
         "id":1653928803,
         "hostName":"Resnick",
         "property":"property_z",
         "status":"Active"
      },
      {
         "address":"Bömelburgstieg 1, 22111 Hamburg",
         "coordinates":[
            10.08627,
            53.54892,
            0
         ],
         "id":267741170,
         "hostName":"Sagar",
         "property":"property_y",
         "status":"Active"
      },
      {
         "address":"Rhiemsweg 12, 22111 Hamburg",
         "coordinates":[
            10.07491,
            53.55548,
            0
         ],
         "id":31173173,
         "hostName":"Schickowski",
         "property":"property_z",
         "status":"Inactive"
      },
      {
         "address":"Stein-Hardenberg-Straße 58 - 60, 22045 Hamburg (Umkreis 100m)",
         "coordinates":[
            10.12226,
            53.58647,
            0
         ],
         "id":643089081,
         "hostName":"Schiebel",
         "property":"property_y",
         "status":"Inactive"
      },
      {
         "address":"Eichenhag 3, 22453 Hamburg",
         "coordinates":[
            9.95918,
            53.61119,
            0
         ],
         "id":2202535267,
         "hostName":"Sellon",
         "property":"property_p",
         "status":"Active"
      },
      {
         "address":"Silbersackstraße 5, 20359 Hamburg",
         "coordinates":[
            9.96004,
            53.54916,
            0
         ],
         "id":68229014,
         "hostName":"Severson",
         "property":"property_G",
         "status":"Active"
      },
      {
         "address":"Ohlstücken 5, 21033 Hamburg",
         "coordinates":[
            10.2053,
            53.49476,
            0
         ],
         "id":1842902961,
         "hostName":"Shaffer",
         "property":"property_R",
         "status":"Inactive"
      },
      {
         "address":"Garstedter Weg 248, 22453 Hamburg",
         "coordinates":[
            9.96901,
            53.63708,
            0
         ],
         "id":1645333454,
         "hostName":"Solberg",
         "property":"property_A",
         "status":"Inactive"
      },
      {
         "address":"Hansehof",
         "coordinates":[
            10.12173,
            53.57905,
            0
         ],
         "id":55804610,
         "hostName":"Soloman",
         "property":"property_R",
         "status":"Inactive"
      },
      {
         "address":"Ilenkruut 24, 22179 Hamburg",
         "coordinates":[
            10.06436,
            53.59463,
            0
         ],
         "id":1118699109,
         "hostName":"Sonderling",
         "property":"property_S",
         "status":"Active"
      },
      {
         "address":"Neumayerstraße 3, 20459 Hamburg",
         "coordinates":[
            9.97354,
            53.54829,
            0
         ],
         "id":2407121950,
         "hostName":"Soukup",
         "property":"property_3",
         "status":"Inactive"
      },
      {
         "address":"Ernst-Merck-Straße 4 - 14, 20099 Hamburg (Umkreis 300m)",
         "coordinates":[
            10.00486,
            53.55403,
            0
         ],
         "id":2356535691,
         "hostName":"Soulis",
         "property":"property_h",
         "status":"Inactive"
      },
      {
         "address":"Domplatz, 20095 Hamburg",
         "coordinates":[
            9.99774,
            53.54879,
            0
         ],
         "id":622285939,
         "hostName":"Stahl",
         "property":"property_a",
         "status":"Inactive"
      },
      {
         "address":"Klosterwall 3, 20095 Hamburg",
         "coordinates":[
            10.00596,
            53.54982,
            0
         ],
         "id":63391190,
         "hostName":"Sweeney",
         "property":"property_F",
         "status":"Active"
      },
      {
         "address":"Gottschedstraße 11, 22301 Hamburg",
         "coordinates":[
            10.0116,
            53.58832,
            0
         ],
         "id":2085155834,
         "hostName":"Tandy",
         "property":"property_v",
         "status":"Active"
      },
      {
         "address":"Saseler Loge 12, 22393 Hamburg",
         "coordinates":[
            10.10302,
            53.65171,
            0
         ],
         "id":201890695,
         "hostName":"Trebil",
         "property":"property_T",
         "status":"Active"
      },
      {
         "address":"Schatzmeisterstraße 14, 22043 Hamburg",
         "coordinates":[
            10.07798,
            53.56894,
            0
         ],
         "id":1530250305,
         "hostName":"Trusela",
         "property":"property_M",
         "status":"Inactive"
      },
      {
         "address":"Schopenstehl 30, 20095 Hamburg",
         "coordinates":[
            9.99815,
            53.54867,
            0
         ],
         "id":2149278676,
         "hostName":"Trussel",
         "property":"property_1",
         "status":"Inactive"
      },
      {
         "address":"Schnackenburgallee 52, 22525 Hamburg",
         "coordinates":[
            9.91815,
            53.58024,
            0
         ],
         "id":2126844712,
         "hostName":"Turco",
         "property":"property_m",
         "status":"Active"
      },
      {
         "address":"Ballindamm 14, 20095 Hamburg",
         "coordinates":[
            9.9987,
            53.55417,
            0
         ],
         "id":1626324969,
         "hostName":"Uddin",
         "property":"property_2",
         "status":"Inactive"
      },
      {
         "address":"Parkhaus Bleichenhof, Parkdeck R",
         "coordinates":[
            9.98673,
            53.55201,
            0
         ],
         "id":1475252448,
         "hostName":"Uflan",
         "property":"property_A",
         "status":"Inactive"
      },
      {
         "address":"Hachmannplatz 2, 20099 Hamburg (Umkreis 100m)",
         "coordinates":[
            10.00663,
            53.55446,
            0
         ],
         "id":131164297,
         "hostName":"Ulrich",
         "property":"property_D",
         "status":"Active"
      },
      {
         "address":"Randstraße 104, 22525 Hamburg (Umkreis 300m)",
         "coordinates":[
            9.91933,
            53.59068,
            0
         ],
         "id":45193487,
         "hostName":"Upson",
         "property":"property_Z",
         "status":"Inactive"
      },
      {
         "address":"Paul-Sorge-Straße 141, 22455 Hamburg",
         "coordinates":[
            9.95146,
            53.63552,
            0
         ],
         "id":438394928,
         "hostName":"Vader",
         "property":"property_H",
         "status":"Inactive"
      },
      {
         "address":"Alstertor 21, 20095 Hamburg",
         "coordinates":[
            9.99695,
            53.55266,
            0
         ],
         "id":178584227,
         "hostName":"Vail",
         "property":"property_H",
         "status":"Inactive"
      },
      {
         "address":"Neue Burg 1, 20457 Hamburg",
         "coordinates":[
            9.99195,
            53.54754,
            0
         ],
         "id":2332651322,
         "hostName":"Valente",
         "property":"property_w",
         "status":"Active"
      },
      {
         "address":"Am Brink 1, 21029 Hamburg",
         "coordinates":[
            10.21669,
            53.48579,
            0
         ],
         "id":1304751985,
         "hostName":"Van Zandt",
         "property":"property_9",
         "status":"Active"
      },
      {
         "address":"Schmuckshöhe 3, 22337 Hamburg",
         "coordinates":[
            10.03799,
            53.61135,
            0
         ],
         "id":430649541,
         "hostName":"Vanderpoel",
         "property":"property_V",
         "status":"Inactive"
      },
      {
         "address":"Rudolf-Ross-Allee 9, 22119 Hamburg",
         "coordinates":[
            10.10105,
            53.55865,
            0
         ],
         "id":1828243870,
         "hostName":"Ventotla",
         "property":"property_Z",
         "status":"Active"
      },
      {
         "address":"Grosser Grasbrook 13, 20457 Hamburg",
         "coordinates":[
            9.99383,
            53.54101,
            0
         ],
         "id":1924033396,
         "hostName":"Vogal",
         "property":"property_8",
         "status":"Inactive"
      },
      {
         "address":"Kollaustraße 74, 22453 Hamburg",
         "coordinates":[
            9.96133,
            53.6067,
            0
         ],
         "id":1751607050,
         "hostName":"Wagle",
         "property":"property_d",
         "status":"Active"
      },
      {
         "address":"Rondenbarg 15, 22525 Hamburg",
         "coordinates":[
            9.92448,
            53.57397,
            0
         ],
         "id":2101057821,
         "hostName":"Wagner",
         "property":"property_X",
         "status":"Active"
      },
      {
         "address":"Otzenstraße 44 - 46, 22767 Hamburg (Umkreis 100m)",
         "coordinates":[
            9.95681,
            53.557,
            0
         ],
         "id":1123484975,
         "hostName":"Wakefield",
         "property":"property_R",
         "status":"Active"
      },
      {
         "address":"Luisenweg 37, 20537 Hamburg",
         "coordinates":[
            10.04926,
            53.55271,
            0
         ],
         "id":1103211759,
         "hostName":"Weinstein",
         "property":"property_p",
         "status":"Inactive"
      },
      {
         "address":"Sportplatzring 15, 22527 Hamburg",
         "coordinates":[
            9.93146,
            53.59233,
            0
         ],
         "id":58505485,
         "hostName":"Weiss",
         "property":"property_a",
         "status":"Inactive"
      },
      {
         "address":"Lohhof 22 - 26, 20535 Hamburg (Umkreis 100m)",
         "coordinates":[
            10.05332,
            53.55912,
            0
         ],
         "id":905130851,
         "hostName":"Woo",
         "property":"property_j",
         "status":"Active"
      },
      {
         "address":"Theodor-Heuss-Platz 2, 20148 Hamburg",
         "coordinates":[
            9.99072,
            53.56133,
            0
         ],
         "id":1293701019,
         "hostName":"Yang",
         "property":"property_F",
         "status":"Inactive"
      },
      {
         "address":"Spliedtring 33, 22119 Hamburg",
         "coordinates":[
            10.11205,
            53.56233,
            0
         ],
         "id":859164395,
         "hostName":"Yates",
         "property":"property_G",
         "status":"Inactive"
      },
      {
         "address":"Hainbuchenweg 14, 22299 Hamburg",
         "coordinates":[
            10.00014,
            53.60131,
            0
         ],
         "id":1400683555,
         "hostName":"Yocum",
         "property":"property_k",
         "status":"Inactive"
      },
      {
         "address":"Flughafen HH (Mietwagenzentrum Ebene 1 oder 5)",
         "coordinates":[
            10.00708,
            53.62914,
            0
         ],
         "id":1754683973,
         "hostName":"Zeaser",
         "property":"property_n",
         "status":"Active"
      },
      {
         "address":"Am Sandtorkai 44, 20457 Hamburg",
         "coordinates":[
            9.99663,
            53.54375,
            0
         ],
         "id":1127275197,
         "hostName":"Zeller",
         "property":"property_M",
         "status":"Active"
      },
      {
         "address":"Renettenweg 14, 22393 Hamburg",
         "coordinates":[
            10.10159,
            53.64476,
            0
         ],
         "id":820138837,
         "hostName":"Ziegler",
         "property":"property_G",
         "status":"Inactive"
      },
      {
         "address":"Friedrich-Ebert-Straße 42, 22459 Hamburg",
         "coordinates":[
            9.94194,
            53.62207,
            0
         ],
         "id":1417060822,
         "hostName":"Bauer",
         "property":"property_O",
         "status":"Active"
      },
      {
         "address":"Haldesdorfer Straße 87, 22179 Hamburg",
         "coordinates":[
            10.0763,
            53.59911,
            0
         ],
         "id":1077344511,
         "hostName":"Baxster",
         "property":"property_O",
         "status":"Active"
      },
      {
         "address":"Meriandamm 2, 22119 Hamburg",
         "coordinates":[
            10.11097,
            53.55113,
            0
         ],
         "id":1146506925,
         "hostName":"Casal",
         "property":"property_W",
         "status":"Active"
      },
      {
         "address":"Bauernvogtkoppel 9, 22393 Hamburg",
         "coordinates":[
            10.09807,
            53.6451,
            0
         ],
         "id":279405941,
         "hostName":"Cataldi",
         "property":"property_l",
         "status":"Active"
      },
      {
         "address":"Rödingsmarkt 14, 20459 Hamburg",
         "coordinates":[
            9.98535,
            53.54669,
            0
         ],
         "id":1812598967,
         "hostName":"Caswell",
         "property":"property_L",
         "status":"Inactive"
      },
      {
         "address":"Chrysanderstraße 21, 21029 Hamburg",
         "coordinates":[
            10.21538,
            53.48767,
            0
         ],
         "id":2400142003,
         "hostName":"Celedon",
         "property":"property_B",
         "status":"Inactive"
      },
      {
         "address":"Am Sandtorkai 44, 20457 Hamburg",
         "coordinates":[
            9.99684,
            53.54379,
            0
         ],
         "id":2338559809,
         "hostName":"Chambers",
         "property":"property_T",
         "status":"Active"
      },
      {
         "address":"Parkhaus Am Hauptbahnhof, Parkdeck 5",
         "coordinates":[
            10.00964,
            53.55471,
            0
         ],
         "id":1681524054,
         "hostName":"Chapman",
         "property":"property_Z",
         "status":"Active"
      },
      {
         "address":"Markusstraße 8, 20355 Hamburg",
         "coordinates":[
            9.97934,
            53.55152,
            0
         ],
         "id":73506460,
         "hostName":"Christensen",
         "property":"property_x",
         "status":"Active"
      },
      {
         "address":"Ernst-Horn-Straße 18, 22525 Hamburg",
         "coordinates":[
            9.92783,
            53.58232,
            0
         ],
         "id":199595109,
         "hostName":"Darnell",
         "property":"property_0",
         "status":"Inactive"
      },
      {
         "address":"Robert-Schuman-Brücke 6, 22041 Hamburg",
         "coordinates":[
            10.07167,
            53.57124,
            0
         ],
         "id":1968507938,
         "hostName":"Davidson",
         "property":"property_m",
         "status":"Inactive"
      },
      {
         "address":"Tonndorfer Hauptstraße 72, 22045 Hamburg",
         "coordinates":[
            10.12355,
            53.58567,
            0
         ],
         "id":769196287,
         "hostName":"Davis",
         "property":"property_c",
         "status":"Inactive"
      },
      {
         "address":"Moosrosenweg 6, 22177 Hamburg",
         "coordinates":[
            10.06891,
            53.6031,
            0
         ],
         "id":1688609656,
         "hostName":"DeLorenzo",
         "property":"property_f",
         "status":"Inactive"
      },
      {
         "address":"Kirchenallee 23 - 27, 20099 Hamburg (Umkreis 100m)",
         "coordinates":[
            10.00777,
            53.55549,
            0
         ],
         "id":1301659190,
         "hostName":"Dinkins",
         "property":"property_4",
         "status":"Inactive"
      },
      {
         "address":"Kedenburgstraße 32, 22041 Hamburg",
         "coordinates":[
            10.08741,
            53.57689,
            0
         ],
         "id":1576739719,
         "hostName":"Doran",
         "property":"property_B",
         "status":"Inactive"
      },
      {
         "address":"Klapperhof 3, 21033 Hamburg",
         "coordinates":[
            10.20175,
            53.49559,
            0
         ],
         "id":1796571654,
         "hostName":"Dugelman",
         "property":"property_i",
         "status":"Inactive"
      },
      {
         "address":"Am Sandtorkai 66, 20457 Hamburg",
         "coordinates":[
            9.98764,
            53.54287,
            0
         ],
         "id":1037445618,
         "hostName":"Dugan",
         "property":"property_L",
         "status":"Active"
      },
      {
         "address":"Marseiller Straße 5, 20355 Hamburg (Umkreis 300m)",
         "coordinates":[
            9.98518,
            53.56062,
            0
         ],
         "id":1524972236,
         "hostName":"Duffman",
         "property":"property_B",
         "status":"Active"
      },
      {
         "address":"Walddörferstraße 366, 22047 Hamburg",
         "coordinates":[
            10.10183,
            53.58549,
            0
         ],
         "id":2390955802,
         "hostName":"Eastman",
         "property":"property_K",
         "status":"Inactive"
      },
      {
         "address":"Nesselstraße 8, 22335 Hamburg",
         "coordinates":[
            10.01665,
            53.62072,
            0
         ],
         "id":1805540203,
         "hostName":"Ferro",
         "property":"property_7",
         "status":"Active"
      },
      {
         "address":"Alsterdorfer Straße 350, 22297 Hamburg",
         "coordinates":[
            10.01491,
            53.61137,
            0
         ],
         "id":95734448,
         "hostName":"Ferry",
         "property":"property_W",
         "status":"Active"
      },
      {
         "address":"Alsterdorfer Straße 375, 22297 Hamburg",
         "coordinates":[
            10.01665,
            53.61279,
            0
         ],
         "id":650823498,
         "hostName":"Fletcher",
         "property":"property_W",
         "status":"Active"
      },
      {
         "address":"Stresemannstraße 250 - 266, 22769 Hamburg (Umkreis 100m)",
         "coordinates":[
            9.93727,
            53.5638,
            0
         ],
         "id":312537452,
         "hostName":"Fietzer",
         "property":"property_K",
         "status":"Active"
      },
      {
         "address":"Lisztstraße 14, 22763 Hamburg",
         "coordinates":[
            9.91516,
            53.55383,
            0
         ],
         "id":1712622184,
         "hostName":"Hylan",
         "property":"property_C",
         "status":"Active"
      },
      {
         "address":"Badestraße 35, 20148 Hamburg",
         "coordinates":[
            9.99913,
            53.56621,
            0
         ],
         "id":1767895982,
         "hostName":"Hydinger",
         "property":"property_X",
         "status":"Inactive"
      },
      {
         "address":"Eiffestraße 454, 20537 Hamburg",
         "coordinates":[
            10.04758,
            53.55231,
            0
         ],
         "id":711963598,
         "hostName":"Illingsworth",
         "property":"property_f",
         "status":"Active"
      },
      {
         "address":"New-York-Ring 9, 22297 Hamburg",
         "coordinates":[
            10.01919,
            53.60369,
            0
         ],
         "id":1060943475,
         "hostName":"Ingram",
         "property":"property_z",
         "status":"Active"
      },
      {
         "address":"Hafentor 7, 20459 Hamburg",
         "coordinates":[
            9.97277,
            53.54597,
            0
         ],
         "id":1524803400,
         "hostName":"Irwin",
         "property":"property_Z",
         "status":"Inactive"
      },
      {
         "address":"Bundsensweg 13, 20537 Hamburg",
         "coordinates":[
            10.06563,
            53.55252,
            0
         ],
         "id":400540710,
         "hostName":"Jagtap",
         "property":"property_T",
         "status":"Inactive"
      },
      {
         "address":"Alsterdorfer Straße 548, 22337 Hamburg",
         "coordinates":[
            10.0303,
            53.61897,
            0
         ],
         "id":2037109189,
         "hostName":"Jenson",
         "property":"property_7",
         "status":"Active"
      },
      {
         "address":"Quickbornstraße 24, 20253 Hamburg",
         "coordinates":[
            9.96068,
            53.58044,
            0
         ],
         "id":132256136,
         "hostName":"Johnson",
         "property":"property_k",
         "status":"Active"
      },
      {
         "address":"Parkplatz Studio Hamburg",
         "coordinates":[
            10.12585,
            53.58416,
            0
         ],
         "id":1197586562,
         "hostName":"Johnsen",
         "property":"property_R",
         "status":"Inactive"
      },
      {
         "address":"Flughafen HH (Mietwagenzentrum Ebene 1 oder 5)",
         "coordinates":[
            10.00708,
            53.62914,
            0
         ],
         "id":2042491975,
         "hostName":"Jones",
         "property":"property_s",
         "status":"Active"
      },
      {
         "address":"Kurt-Schumacher-Allee 41, 20097 Hamburg",
         "coordinates":[
            10.01662,
            53.55194,
            0
         ],
         "id":409923397,
         "hostName":"Jurgenson",
         "property":"property_S",
         "status":"Active"
      },
      {
         "address":"Kattrepelsbrücke 1, 20095 Hamburg",
         "coordinates":[
            9.99942,
            53.54846,
            0
         ],
         "id":202917572,
         "hostName":"Kalleg",
         "property":"property_J",
         "status":"Active"
      },
      {
         "address":"Weidestraße 122, 22083 Hamburg",
         "coordinates":[
            10.02771,
            53.58184,
            0
         ],
         "id":1260493110,
         "hostName":"Kaskel",
         "property":"property_E",
         "status":"Active"
      },
      {
         "address":"Rathenaustraße 228, 22337 Hamburg",
         "coordinates":[
            10.02829,
            53.61953,
            0
         ],
         "id":2100721151,
         "hostName":"Keller",
         "property":"property_i",
         "status":"Inactive"
      },
      {
         "address":"Ring 2, 22111 Hamburg",
         "coordinates":[
            10.08206,
            53.55737,
            0
         ],
         "id":304270787,
         "hostName":"Leisinger",
         "property":"property_E",
         "status":"Inactive"
      },
      {
         "address":"Grindelberg 62 - 66, 20144 Hamburg (Umkreis 100m)",
         "coordinates":[
            9.97883,
            53.57517,
            0
         ],
         "id":214526218,
         "hostName":"LePage",
         "property":"property_r",
         "status":"Active"
      },
      {
         "address":"Parkallee 64, 20144 Hamburg",
         "coordinates":[
            9.98428,
            53.57787,
            0
         ],
         "id":1783318615,
         "hostName":"Lewis",
         "property":"property_3",
         "status":"Active"
      },
      {
         "address":"Husarenweg, 22043 Hamburg",
         "coordinates":[
            10.10031,
            53.56755,
            0
         ],
         "id":212153768,
         "hostName":"Linde",
         "property":"property_x",
         "status":"Inactive"
      },
      {
         "address":"Bostelreihe 2, 22083 Hamburg (Umkreis 100m)",
         "coordinates":[
            10.03142,
            53.57393,
            0
         ],
         "id":508908711,
         "hostName":"Lulloff",
         "property":"property_x",
         "status":"Active"
      },
      {
         "address":"Schottmüllerstraße 19, 20251 Hamburg",
         "coordinates":[
            9.9849,
            53.59121,
            0
         ],
         "id":604285263,
         "hostName":"Maki",
         "property":"property_X",
         "status":"Inactive"
      },
      {
         "address":"König-Heinrich-Weg 29, 22459 Hamburg",
         "coordinates":[
            9.95575,
            53.6272,
            0
         ],
         "id":240210859,
         "hostName":"Martin",
         "property":"property_z",
         "status":"Inactive"
      },
      {
         "address":"Bernstorffstraße 153, 22767 Hamburg",
         "coordinates":[
            9.95953,
            53.55974,
            0
         ],
         "id":1240760939,
         "hostName":"McGinnis",
         "property":"property_s",
         "status":"Inactive"
      },
      {
         "address":"Grosser Grasbrook 12, 20457 Hamburg",
         "coordinates":[
            9.99354,
            53.54116,
            0
         ],
         "id":857829803,
         "hostName":"Mills",
         "property":"property_y",
         "status":"Inactive"
      },
      {
         "address":"Ludwig-Rosenberg-Ring 27, 21031 Hamburg",
         "coordinates":[
            10.20899,
            53.49317,
            0
         ],
         "id":1227026176,
         "hostName":"Moody",
         "property":"property_D",
         "status":"Inactive"
      },
      {
         "address":"Kannengiesserort 5, 20457 Hamburg",
         "coordinates":[
            9.99526,
            53.54473,
            0
         ],
         "id":661083954,
         "hostName":"Moore",
         "property":"property_7",
         "status":"Active"
      },
      {
         "address":"Wiedehopfstieg 9, 22179 Hamburg",
         "coordinates":[
            10.06819,
            53.59284,
            0
         ],
         "id":1552570869,
         "hostName":"Napier",
         "property":"property_0",
         "status":"Inactive"
      },
      {
         "address":"Am Stadtrand 59, 22047 Hamburg",
         "coordinates":[
            10.09817,
            53.59243,
            0
         ],
         "id":808195487,
         "hostName":"Nelson",
         "property":"property_s",
         "status":"Active"
      },
      {
         "address":"Am Gojenboom 23, 22111 Hamburg (Umkreis 100m)",
         "coordinates":[
            10.07741,
            53.55391,
            0
         ],
         "id":1173742056,
         "hostName":"Norquist",
         "property":"property_U",
         "status":"Active"
      },
      {
         "address":"Wellingsbütteler Landstraße 3, 22337 Hamburg",
         "coordinates":[
            10.0306,
            53.62605,
            0
         ],
         "id":505381364,
         "hostName":"Nuttle",
         "property":"property_3",
         "status":"Inactive"
      },
      {
         "address":"Ebeersreye 111, 22159 Hamburg",
         "coordinates":[
            10.11658,
            53.59508,
            0
         ],
         "id":665176726,
         "hostName":"Olson",
         "property":"property_R",
         "status":"Active"
      },
      {
         "address":"Ohmoorring 11, 22455 Hamburg",
         "coordinates":[
            9.96113,
            53.63741,
            0
         ],
         "id":24475468,
         "hostName":"Ostrander",
         "property":"property_2",
         "status":"Active"
      },
      {
         "address":"Holstenhofweg 85, 22043 Hamburg (Umkreis 300m)",
         "coordinates":[
            10.10577,
            53.56968,
            0
         ],
         "id":1728368039,
         "hostName":"Reamer",
         "property":"property_p",
         "status":"Inactive"
      },
      {
         "address":"Alsterdorfer Straße 201, 22297 Hamburg",
         "coordinates":[
            10.00194,
            53.60634,
            0
         ],
         "id":821980357,
         "hostName":"Reardon",
         "property":"property_g",
         "status":"Active"
      },
      {
         "address":"Neumühlen 25, 22763 Hamburg",
         "coordinates":[
            9.91835,
            53.54421,
            0
         ],
         "id":669715470,
         "hostName":"Reyes",
         "property":"property_3",
         "status":"Active"
      },
      {
         "address":"Domstraße 18, 20095 Hamburg",
         "coordinates":[
            9.99532,
            53.54891,
            0
         ],
         "id":2151368688,
         "hostName":"Rice",
         "property":"property_i",
         "status":"Inactive"
      },
      {
         "address":"Kieler Straße 103, 22769 Hamburg",
         "coordinates":[
            9.94337,
            53.57106,
            0
         ],
         "id":1638466933,
         "hostName":"Ripka",
         "property":"property_W",
         "status":"Active"
      },
      {
         "address":"Alsterdorfer Straße 485, 22337 Hamburg",
         "coordinates":[
            10.02481,
            53.61634,
            0
         ],
         "id":219465141,
         "hostName":"Roberts",
         "property":"property_F",
         "status":"Active"
      },
      {
         "address":"Borsteler Chaussee 97, 22453 Hamburg",
         "coordinates":[
            9.98013,
            53.60652,
            0
         ],
         "id":2248800911,
         "hostName":"Rogers",
         "property":"property_v",
         "status":"Inactive"
      },
      {
         "address":"Ring 1, 20355 Hamburg",
         "coordinates":[
            9.97844,
            53.55467,
            0
         ],
         "id":1347654462,
         "hostName":"Root",
         "property":"property_q",
         "status":"Active"
      },
      {
         "address":"Tegelweg 105, 22159 Hamburg",
         "coordinates":[
            10.10863,
            53.60228,
            0
         ],
         "id":553948265,
         "hostName":"Sandstrom",
         "property":"property_3",
         "status":"Active"
      },
      {
         "address":"Flughafen HH (Mietwagenzentrum Ebene 1 oder 5)",
         "coordinates":[
            10.00708,
            53.62914,
            0
         ],
         "id":2394990119,
         "hostName":"Sawyer",
         "property":"property_c",
         "status":"Active"
      },
      {
         "address":"Marseiller Straße 5, 20355 Hamburg",
         "coordinates":[
            9.98516,
            53.56045,
            0
         ],
         "id":1582380617,
         "hostName":"Schlicht",
         "property":"property_m",
         "status":"Inactive"
      },
      {
         "address":"Lutterothstraße 19, 20255 Hamburg",
         "coordinates":[
            9.95488,
            53.57996,
            0
         ],
         "id":390728166,
         "hostName":"Schmitt",
         "property":"property_B",
         "status":"Active"
      },
      {
         "address":"Am Sandtorkai 62, 20457 Hamburg (Umkreis 100m)",
         "coordinates":[
            9.9898,
            53.5431,
            0
         ],
         "id":15473329,
         "hostName":"Schwager",
         "property":"property_3",
         "status":"Inactive"
      },
      {
         "address":"Winterhuder Weg 74, 22085 Hamburg",
         "coordinates":[
            10.02298,
            53.57392,
            0
         ],
         "id":2347815085,
         "hostName":"Schutz",
         "property":"property_f",
         "status":"Inactive"
      },
      {
         "address":"Geroweg 22, 22453 Hamburg",
         "coordinates":[
            9.95546,
            53.63692,
            0
         ],
         "id":1486319834,
         "hostName":"Schuster",
         "property":"property_7",
         "status":"Inactive"
      },
      {
         "address":"Dietzweg 1, 22119 Hamburg",
         "coordinates":[
            10.10915,
            53.55954,
            0
         ],
         "id":2158862686,
         "hostName":"Tapia",
         "property":"property_v",
         "status":"Inactive"
      },
      {
         "address":"Maimoorweg 5, 22179 Hamburg",
         "coordinates":[
            10.07165,
            53.60574,
            0
         ],
         "id":335956811,
         "hostName":"Thompson",
         "property":"property_0",
         "status":"Active"
      },
      {
         "address":"Lohkoppel 7, 22179 Hamburg",
         "coordinates":[
            10.07978,
            53.61003,
            0
         ],
         "id":309540694,
         "hostName":"Tiernan",
         "property":"property_m",
         "status":"Active"
      },
      {
         "address":"Saseler Chaussee 88, 22391 Hamburg",
         "coordinates":[
            10.09886,
            53.6431,
            0
         ],
         "id":1482105691,
         "hostName":"Tisler",
         "property":"property_f",
         "status":"Active"
      }
   ]
}